<?xml version="1.0" encoding="utf-8"?>
<!DOCTYPE hibernate-mapping PUBLIC "-//Hibernate/Hibernate Mapping DTD 3.0//EN"
"http://hibernate.sourceforge.net/hibernate-mapping-3.0.dtd">
<!-- Mapping file autogenerated by MyEclipse Persistence Tools -->
<hibernate-mapping>
	<class name="com.xl.model.Book" table="book" catalog="netshop">
		<id name="bid" type="java.lang.Integer">
			<column name="bid" />
			<generator class="native"></generator>
		</id>
		<property name="isbn" type="java.lang.String">
			<column name="isbn" length="30" not-null="true" />
		</property>
		<property name="title" type="java.lang.String">
			<column name="title" length="100" not-null="true" />
		</property>
		<property name="author" type="java.lang.String">
			<column name="author" length="45" not-null="true" />
		</property>
		<property name="price" type="java.lang.Double">
			<column name="price" precision="22" scale="0" not-null="true" />
		</property>
		<set name="orderitems" inverse="true">
			<key>
				<column name="bid" not-null="true" />
			</key>
			<one-to-many class="com.xl.model.Orderitem" />
		</set>
	</class>
</hibernate-mapping>
