<?xml version="1.0" encoding="utf-8"?>
<!DOCTYPE hibernate-mapping PUBLIC "-//Hibernate/Hibernate Mapping DTD 3.0//EN"
"http://hibernate.sourceforge.net/hibernate-mapping-3.0.dtd">
<hibernate-mapping>
    <class name="com.xl.model.Orderitem" table="orderitem" catalog="netshop">
        <id name="itemId" type="java.lang.Integer">
            <column name="itemId" />
            <generator class="native"></generator>
        </id>
        <many-to-one name="order" class="com.xl.model.Order" fetch="select">
            <column name="oid" not-null="true" />
        </many-to-one>
        <many-to-one name="books" class="com.xl.model.Book" fetch="select">
            <column name="bid" not-null="true" />
        </many-to-one>
        <property name="quantity" type="java.lang.Integer">
            <column name="quantity" not-null="true" />
        </property>
    </class>
</hibernate-mapping>
