<?xml version="1.0" encoding="utf-8"?>
<!DOCTYPE hibernate-mapping PUBLIC "-//Hibernate/Hibernate Mapping DTD 3.0//EN"
"http://hibernate.sourceforge.net/hibernate-mapping-3.0.dtd">
<hibernate-mapping>
    <class name="com.xl.model.Order" table="order" catalog="netshop">
        <id name="oid" type="java.lang.Integer">
            <column name="oid" />
            <generator class="native"></generator>
        </id>
        <many-to-one name="user" class="com.xl.model.User" fetch="select">
            <column name="userId" not-null="true" />
        </many-to-one>
        <property name="zipcode" type="java.lang.String">
            <column name="zipcode" length="10" not-null="true" />
        </property>
        <property name="phone" type="java.lang.String">
            <column name="phone" length="20" not-null="true" />
        </property>
        <property name="address" type="java.lang.String">
            <column name="address" length="100" not-null="true" />
        </property>
        <property name="total" type="java.lang.Double">
            <column name="total" precision="22" scale="0" not-null="true" />
        </property>
        <set name="orderitems" inverse="true">
            <key>
                <column name="oid" not-null="true" />
            </key>
            <one-to-many class="com.xl.model.Orderitem" />
        </set>
    </class>
</hibernate-mapping>
