<?xml version="1.0" encoding="utf-8"?>
<!DOCTYPE hibernate-mapping PUBLIC "-//Hibernate/Hibernate Mapping DTD 3.0//EN"
"http://hibernate.sourceforge.net/hibernate-mapping-3.0.dtd">
<hibernate-mapping>


	<class name="com.xl.model.User" table="user" catalog="netshop">
		<id name="userId" type="java.lang.Integer" >
            <column name="userId" />
            <generator class="native"></generator>
        </id>
        <property name="username" type="java.lang.String">
            <column name="username" length="20" not-null="true" />
        </property>
        <property name="password" type="java.lang.String">
            <column name="password" length="20" not-null="true" />
        </property>
        <set name="orders" inverse="true">
            <key>
                <column name="userId" not-null="true" />
            </key>
            <one-to-many class="com.xl.model.Order" />
        </set>
    </class>
    
</hibernate-mapping>
