<?xml version="1.0" encoding="UTF-8"?>
<!DOCTYPE hibernate-configuration PUBLIC
		"-//Hibernate/Hibernate Configuration DTD 3.0//EN"
		"http://hibernate.sourceforge.net/hibernate-configuration-3.0.dtd">
<hibernate-configuration>

	<session-factory>
		<property name="connection.url">jdbc:mysql://localhost:3306/netshop?useUnicode=true&amp;characterEncoding=utf-8</property>
		<property name="connection.username">root</property>
		<property name="connection.password">123456</property>
		<property name="connection.driver_class">com.mysql.jdbc.Driver</property>
		<property name="dialect">org.hibernate.dialect.MySQLInnoDBDialect</property>

		<mapping resource="com/xl/model/Order.hbm.xml" />
		<mapping resource="com/xl/model/Orderitem.hbm.xml" />
		<mapping resource="com/xl/model/Book.hbm.xml" />
		<mapping resource="com/xl/model/User.hbm.xml" />

	</session-factory>

</hibernate-configuration>